Date,Volume,VolumeWeightedAvgPrice,OpenPrice,ClosePrice,HighestPrice,LowestPrice,UnixTimestamp,NumberOfTransactions
2023-01-01,12,130.8361,130.952,130.845,130.952,130.732,1672531200000,12
2023-01-02,81379,130.8025,130.86,130.795,131.402,130.529,1672617600000,81379
2023-01-03,276808,130.4668,130.787,131.293,131.445,129.5,1672704000000,276808
2023-01-04,272444,131.1816,131.295,132.252,132.72,129.923,1672790400000,272444
2023-01-05,272141,132.8809,132.244,133.317,134.051,131.681,1672876800000,272141
2023-01-06,260547,133.564,133.321,132.08,134.772,131.992,1672963200000,260547
2023-01-08,7836,132.0339,131.967,131.802,132.285,131.761,1673136000000,7836
2023-01-09,258141,131.931,131.807,131.73,132.655,131.302,1673222400000,258141
2023-01-10,267656,132.0122,131.729,132.102,132.477,131.38,1673308800000,267656
2023-01-11,245193,132.4423,132.103,131.901,132.872,131.769,1673395200000,245193
2023-01-12,306199,130.616,131.902,129.168,132.036,128.86,1673481600000,306199
2023-01-13,271885,128.4739,129.172,127.89,129.347,127.457,1673568000000,271885
2023-01-14,4,127.875,127.88,127.87,127.88,127.87,1673654400000,4
2023-01-15,6343,127.9837,127.352,128.05,128.147,127.352,1673740800000,6343
2023-01-16,90820,128.4452,128.355,128.336,128.77,128.112,1673827200000,90820
2023-01-17,110708,128.3624,128.608,128.284,128.79,127.986,1673913600000,110708
2023-01-18,143678,128.5497,129.177,128.552,129.256,127.563,1674000000000,143678
2023-01-19,128001,128.4794,128.492,128.369,128.814,128.23,1674086400000,128001
2023-01-20,234983,129.4623,128.506,129.55,130.612,128.5,1674172800000,234983
2023-01-22,5186,129.4274,129.407,129.385,129.647,129.28,1674345600000,5186
2023-01-23,228333,130.1106,129.309,130.593,130.887,129.04,1674432000000,228333
2023-01-24,197904,130.2066,130.163,130.21,131.115,129.718,1674518400000,197904
2023-01-25,188638,129.8479,130.524,129.258,130.583,129.21,1674604800000,188638
2023-01-26,196921,129.9581,129.352,129.805,130.616,129.196,1674691200000,196921
2023-01-27,128171,129.86,129.757,129.88,130.068,129.55,1674777600000,128171
2023-01-28,2,129.86,129.85,129.87,129.87,129.85,1674864000000,2
2023-01-29,6225,129.8075,129.84,129.833,129.89,129.729,1674950400000,6225
2023-01-30,230176,130.0331,129.833,130.481,130.61,129.2,1675036800000,230176
2023-01-31,197781,130.1882,130.156,130.112,130.494,129.74,1675123200000,197781
2023-02-01,240047,129.5825,130.113,128.596,130.42,128.417,1675209600000,240047
2023-02-02,200641,128.5815,128.486,128.757,129.127,128.07,1675296000000,200641
2023-02-03,229024,129.5589,128.767,131.19,131.21,128.32,1675382400000,229024
2023-02-04,4,131.175,131.17,131.18,131.18,131.17,1675468800000,4
2023-02-05,5941,131.7603,131.913,132.059,132.532,131.505,1675555200000,5941
2023-02-06,240859,132.2374,132.057,132.626,132.904,131.578,1675641600000,240859
2023-02-07,276411,131.7597,132.625,131.057,132.625,130.47,1675728000000,276411
2023-02-08,243741,131.1313,131.056,131.389,131.534,130.593,1675814400000,243741
2023-02-09,250073,131.132,131.39,131.515,131.825,130.33,1675900800000,250073
2023-02-10,256830,131.1965,131.517,131.42,131.884,129.801,1675987200000,256830
2023-02-11,2,131.41,131.41,131.41,131.41,131.41,1676073600000,2
2023-02-13,175370,132.4918,132.177,132.333,132.907,132.01,1676246400000,175370
2023-02-14,275470,132.4179,132.334,132.992,133.314,131.502,1676332800000,275470
2023-02-15,240830,133.5955,132.991,133.906,134.358,132.543,1676419200000,240830
2023-02-16,247790,133.944,133.901,134.07,134.49,133.602,1676505600000,247790
2023-02-17,211291,134.5833,134.074,134.1,135.12,134.051,1676592000000,211291
2023-02-18,2,134.13,134.15,134.11,134.15,134.11,1676678400000,2
2023-02-19,4868,134.2824,134.036,134.307,134.331,134.036,1676764800000,4868
2023-02-20,168960,134.1602,134.31,134.332,134.54,133.92,1676851200000,168960
2023-02-21,213109,134.6995,134.336,134.988,135.229,134.142,1676937600000,213109
2023-02-22,235380,134.7584,134.992,134.932,135.063,134.35,1677024000000,235380
2023-02-23,193191,134.8572,134.941,134.624,135.365,134.271,1677110400000,193191
2023-02-24,241217,135.4185,134.628,136.47,136.516,134.054,1677196800000,241217
2023-02-25,6,136.465,136.46,136.47,136.47,136.46,1677283200000,6
2023-02-26,3318,136.3264,136.152,136.424,136.517,136.152,1677369600000,3318
2023-02-27,200274,136.2144,136.412,136.319,136.552,135.909,1677456000000,200274
2023-02-28,209487,136.4046,136.321,136.342,136.925,135.73,1677542400000,209487
2023-03-01,225311,136.0175,136.348,136.19,136.474,135.24,1677628800000,225311
2023-03-02,237813,136.6171,136.194,136.72,137.1,136.049,1677715200000,237813
2023-03-03,208600,136.2753,136.721,135.84,136.77,135.74,1677801600000,208600
2023-03-05,6559,135.918,135.734,136.017,136.035,135.734,1677974400000,6559
2023-03-06,198386,135.8585,136.015,135.995,136.192,135.362,1678060800000,198386
2023-03-07,213374,136.3135,135.997,137.383,137.437,135.536,1678147200000,213374
2023-03-08,212114,137.3008,137.386,137.224,137.91,136.477,1678233600000,212114
2023-03-09,200626,136.4178,137.23,136.37,137.258,135.937,1678320000000,200626
2023-03-10,287353,135.8789,136.371,134.99,136.994,134.11,1678406400000,287353
2023-03-11,2,134.99,134.98,135.0,135.0,134.98,1678492800000,2
2023-03-12,11377,134.4517,134.814,134.959,135.044,133.55,1678579200000,11377
2023-03-13,357136,133.5542,134.95,133.088,134.95,132.281,1678665600000,357136
2023-03-14,305558,134.0391,133.083,134.434,134.9,133.023,1678752000000,305558
2023-03-15,344291,133.6426,134.428,132.902,135.112,132.211,1678838400000,344291
2023-03-16,346431,132.8956,132.907,133.372,133.85,131.714,1678924800000,346431
2023-03-17,282424,132.6406,133.366,131.84,133.584,131.549,1679011200000,282424
2023-03-18,4,131.815,131.8,131.83,131.83,131.8,1679097600000,4
2023-03-19,13994,132.0852,132.3,132.27,132.359,131.65,1679184000000,13994
2023-03-20,313994,131.4998,132.271,131.398,132.647,130.536,1679270400000,313994
2023-03-21,241645,131.9776,131.399,132.4,132.626,131.029,1679356800000,241645
2023-03-22,247674,132.2587,132.396,131.185,133.001,130.999,1679443200000,247674
2023-03-23,275256,130.9334,131.188,130.854,131.664,130.31,1679529600000,275256
2023-03-24,261298,130.3117,130.867,130.745,130.94,129.639,1679616000000,261298
2023-03-26,8913,130.7999,130.399,130.846,130.96,130.399,1679788800000,8913
2023-03-27,218831,131.2243,130.847,131.24,131.77,130.496,1679875200000,218831
2023-03-28,222015,130.8726,131.239,131.046,131.293,130.405,1679961600000,222015
2023-03-29,212855,132.1003,131.047,132.545,132.887,130.92,1680048000000,212855
2023-03-30,216071,132.5992,132.543,133.201,133.267,132.215,1680134400000,216071
2023-03-31,218032,133.0571,133.199,132.77,133.592,132.094,1680220800000,218032
2023-04-02,14218,133.2269,132.705,133.351,133.523,132.705,1680393600000,14218
2023-04-03,229878,132.9743,133.348,132.319,133.759,131.753,1680480000000,229878
2023-04-04,216817,132.4113,132.323,131.433,133.171,131.35,1680566400000,216817
2023-04-05,224750,131.348,131.432,130.935,131.846,130.62,1680652800000,224750
2023-04-06,177740,131.4393,130.934,131.677,131.924,130.774,1680739200000,177740
2023-04-07,108806,131.8361,131.673,132.15,132.373,131.52,1680825600000,108806
2023-04-08,2,131.925,131.71,132.14,132.14,131.71,1680912000000,2
2023-04-09,7766,131.9907,131.975,132.098,132.164,131.82,1680998400000,7766
2023-04-10,185074,132.8795,132.097,133.469,133.861,131.993,1681084800000,185074
2023-04-11,200183,133.3761,133.471,133.594,133.81,132.96,1681171200000,200183
2023-04-12,204454,133.445,133.6,133.083,134.046,132.732,1681257600000,204454
2023-04-13,198743,132.865,133.085,132.487,133.393,132.01,1681344000000,198743
2023-04-14,188175,132.8303,132.492,133.82,133.86,132.165,1681430400000,188175
2023-04-15,2,133.785,133.77,133.8,133.8,133.77,1681516800000,2
2023-04-16,9048,133.8831,133.407,133.98,133.992,133.407,1681603200000,9048
2023-04-17,194347,134.1214,133.984,134.454,134.572,133.707,1681689600000,194347
2023-04-18,196496,134.2227,134.457,134.041,134.705,133.85,1681776000000,196496
2023-04-19,202390,134.5701,134.037,134.711,135.131,133.95,1681862400000,202390
2023-04-20,203383,134.4911,134.711,133.997,134.974,133.952,1681948800000,203383
2023-04-21,172720,133.9852,133.996,134.16,134.49,133.547,1682035200000,172720
2023-04-23,6194,134.0311,133.757,133.962,134.117,133.757,1682208000000,6194
2023-04-24,179874,134.3394,133.963,134.085,134.732,133.887,1682294400000,179874
2023-04-25,205899,134.0038,134.083,133.704,134.475,133.36,1682380800000,205899
2023-04-26,232544,133.5471,133.711,133.461,133.939,133.01,1682467200000,232544
2023-04-27,211854,133.7904,133.465,133.802,134.195,133.203,1682553600000,211854
2023-04-28,249719,135.4359,133.8,136.304,136.56,133.334,1682640000000,249719
2023-04-29,2,136.3,136.28,136.32,136.32,136.28,1682726400000,2
2023-04-30,9189,136.2995,136.204,136.401,136.43,136.057,1682812800000,9189
2023-05-01,185188,136.9884,136.384,137.522,137.575,136.254,1682899200000,185188
2023-05-02,201839,137.1279,137.518,136.47,137.772,136.31,1682985600000,201839
2023-05-03,249369,135.5211,136.468,134.553,136.574,134.38,1683072000000,249369
2023-05-04,260650,134.3355,134.549,134.162,134.881,133.496,1683158400000,260650
2023-05-05,193358,134.41,134.16,134.83,135.121,133.88,1683244800000,193358
2023-05-07,8238,135.0842,134.695,135.192,135.294,134.683,1683417600000,8238
2023-05-08,197797,134.9445,135.191,135.082,135.226,134.635,1683504000000,197797
2023-05-09,204189,135.0583,135.086,135.29,135.356,134.72,1683590400000,204189
2023-05-10,224706,134.8339,135.281,134.098,135.469,134.01,1683676800000,224706
2023-05-11,233325,134.3294,134.099,134.489,134.842,133.744,1683763200000,233325
2023-05-12,186109,134.9384,134.479,135.74,135.763,134.4,1683849600000,186109
2023-05-13,2,135.72,135.71,135.73,135.73,135.71,1683936000000,2
2023-05-14,8368,135.7945,135.493,135.823,135.884,135.458,1684022400000,8368
2023-05-15,191540,136.0461,135.819,136.029,136.324,135.708,1684108800000,191540
2023-05-16,194771,136.1107,136.029,136.428,136.69,135.672,1684195200000,194771
2023-05-17,195479,137.0562,136.429,137.602,137.711,136.29,1684281600000,195479
2023-05-18,205904,138.0163,137.604,138.628,138.75,137.27,1684368000000,205904
2023-05-19,206989,138.2117,138.629,137.96,138.666,136.751,1684454400000,206989
2023-05-21,6220,137.7223,137.851,137.691,138.011,137.573,1684627200000,6220
2023-05-22,205986,138.1443,137.651,138.663,138.799,137.492,1684713600000,205986
2023-05-23,225790,138.548,138.662,138.611,138.908,138.23,1684800000000,225790
2023-05-24,228259,138.7887,138.607,139.292,139.48,138.23,1684886400000,228259
2023-05-25,227304,139.6564,139.29,140.024,140.229,139.18,1684972800000,227304
2023-05-26,148810,140.019,140.025,140.65,140.826,139.493,1685059200000,148810
2023-05-28,10782,140.7682,140.62,140.882,140.887,140.508,1685232000000,10782
2023-05-29,129559,140.4046,140.881,140.47,140.915,140.109,1685318400000,129559
2023-05-30,216887,140.0756,140.47,139.795,140.932,139.568,1685404800000,216887
2023-05-31,206898,139.6648,139.793,139.135,140.393,138.953,1685491200000,206898
2023-06-01,188440,139.2892,139.136,138.743,139.948,138.429,1685577600000,188440
2023-06-02,170700,139.1572,138.734,139.94,140.072,138.602,1685664000000,170700
2023-06-03,1,139.94,139.94,139.94,139.94,139.94,1685750400000,1
2023-06-04,5656,140.1226,139.764,140.211,140.242,139.764,1685836800000,5656
2023-06-05,170648,139.9667,140.212,139.413,140.454,139.248,1685923200000,170648
2023-06-06,180125,139.5455,139.412,139.523,139.993,139.09,1686009600000,180125
2023-06-07,210434,139.5772,139.524,139.915,140.246,139.01,1686096000000,210434
2023-06-08,201413,139.4548,139.913,138.881,140.095,138.756,1686182400000,201413
2023-06-09,172330,139.3604,138.879,139.4,139.725,138.862,1686268800000,172330
2023-06-10,4,139.365,139.34,139.39,139.39,139.34,1686355200000,4
2023-06-11,5203,139.4032,139.34,139.372,139.499,139.102,1686441600000,5203
2023-06-12,189678,139.4635,139.371,139.458,139.763,139.06,1686528000000,189678
2023-06-13,209884,139.6752,139.456,140.148,140.308,139.007,1686614400000,209884
2023-06-14,223194,139.8483,140.148,139.966,140.204,139.275,1686700800000,223194
2023-06-15,244071,140.8059,139.965,140.263,141.51,139.93,1686787200000,244071
2023-06-16,237175,141.0587,140.262,141.84,141.912,139.847,1686873600000,237175
2023-06-18,498,141.8794,141.82,141.86,141.938,141.403,1687046400000,498
2023-06-19,132860,141.8248,141.856,141.897,142.059,141.439,1687132800000,132860
2023-06-20,238718,141.6485,141.907,141.339,142.25,141.21,1687219200000,238718
2023-06-21,231486,141.8712,141.34,141.687,142.4,141.333,1687305600000,231486
2023-06-22,214526,142.2841,141.676,143.03,143.23,141.608,1687392000000,214526
2023-06-23,223470,143.2673,143.026,143.69,143.9,142.684,1687478400000,223470
2023-06-24,1,143.68,143.68,143.68,143.68,143.68,1687564800000,1
2023-06-25,6877,143.5705,143.496,143.536,143.718,143.43,1687651200000,6877
2023-06-26,214812,143.3694,143.537,143.46,143.71,142.935,1687737600000,214812
2023-06-27,205367,143.6992,143.461,143.876,144.2,143.279,1687824000000,205367
2023-06-28,230287,144.1564,143.871,144.388,144.615,143.728,1687910400000,230287
2023-06-29,224162,144.5474,144.387,144.795,144.895,144.132,1687996800000,224162
2023-06-30,216170,144.5889,144.794,144.29,145.067,144.195,1688083200000,216170
2023-07-02,4769,144.3466,144.32,144.395,144.404,144.197,1688256000000,4769
2023-07-03,203875,144.5964,144.393,144.598,144.93,143.983,1688342400000,203875
2023-07-04,150592,144.4636,144.597,144.406,144.685,144.204,1688428800000,150592
2023-07-05,152664,144.5227,144.404,144.498,144.76,144.075,1688515200000,152664
2023-07-06,193258,144.1164,144.497,143.972,144.651,143.57,1688601600000,193258
2023-07-07,215305,143.0267,143.976,142.09,144.196,142.001,1688688000000,215305
2023-07-08,6,142.085,142.07,142.1,142.1,142.07,1688774400000,6
2023-07-09,6591,142.2187,142.07,142.209,142.289,142.07,1688860800000,6591
2023-07-10,211267,142.1474,142.205,141.303,143.007,141.2,1688947200000,211267
2023-07-11,218797,140.6346,141.307,140.122,141.46,140.07,1689033600000,218797
2023-07-12,232969,139.1374,140.124,138.32,140.163,138.15,1689120000000,232969
2023-07-13,229884,138.3573,138.323,138.065,138.956,137.89,1689206400000,229884
2023-07-14,234564,138.3172,138.065,138.69,139.16,137.237,1689292800000,234564
2023-07-15,4,138.715,138.73,138.7,138.73,138.7,1689379200000,4
2023-07-16,5199,138.7269,138.447,138.683,138.822,138.447,1689465600000,5199
2023-07-17,207774,138.671,138.685,138.723,139.405,137.995,1689552000000,207774
2023-07-18,234466,138.5495,138.708,139.025,139.19,137.672,1689638400000,234466
2023-07-19,241561,139.539,138.999,139.607,139.992,138.846,1689724800000,241561
2023-07-20,231169,139.722,139.605,139.851,140.5,139.107,1689811200000,231169
2023-07-21,218002,141.1461,139.829,141.775,141.954,139.746,1689897600000,218002
2023-07-22,14,141.7875,141.79,141.785,141.79,141.785,1689984000000,14
2023-07-23,5709,141.7174,141.79,141.751,141.79,141.51,1690070400000,5709
2023-07-24,226902,141.3443,141.751,141.542,141.811,140.737,1690156800000,226902
2023-07-25,209102,141.2794,141.542,140.905,141.74,140.824,1690243200000,209102
2023-07-26,244281,140.5427,140.913,140.371,141.186,139.918,1690329600000,244281
2023-07-27,294093,140.069,140.371,138.869,141.32,138.707,1690416000000,294093
2023-07-28,309212,139.7561,138.867,141.14,141.179,138.038,1690502400000,309212
2023-07-30,8598,140.8665,140.646,140.754,141.147,140.646,1690675200000,8598
2023-07-31,260352,141.9965,140.743,142.325,142.68,140.689,1690761600000,260352
2023-08-01,246341,142.9322,142.324,142.963,143.544,142.254,1690848000000,246341
2023-08-02,259182,143.0304,142.963,143.357,143.477,142.232,1690934400000,259182
2023-08-03,281390,142.9524,143.358,142.606,143.889,142.062,1691020800000,281390
2023-08-04,256496,142.3039,142.602,141.75,142.91,141.549,1691107200000,256496
2023-08-06,7567,141.848,141.758,141.871,141.94,141.649,1691280000000,7567
2023-08-07,221136,142.2082,141.869,142.538,142.582,141.513,1691366400000,221136
2023-08-08,260960,143.1639,142.538,143.257,143.492,142.526,1691452800000,260960
2023-08-09,216484,143.399,143.263,143.719,143.77,142.998,1691539200000,216484
2023-08-10,247129,144.1336,143.72,144.851,144.872,143.274,1691625600000,247129
2023-08-11,223230,144.7488,144.851,144.9,145.05,144.418,1691712000000,223230
2023-08-13,6886,144.8944,144.526,144.849,144.992,144.526,1691884800000,6886
2023-08-14,225659,145.1303,144.852,145.437,145.577,144.655,1691971200000,225659
2023-08-15,236283,145.5221,145.432,145.618,145.87,145.1,1692057600000,236283
2023-08-16,235467,145.7586,145.617,146.331,146.41,145.3,1692144000000,235467
2023-08-17,241322,146.1138,146.333,145.712,146.56,145.572,1692230400000,241322
2023-08-18,227673,145.3812,145.713,145.41,145.791,144.925,1692316800000,227673
2023-08-20,4163,145.3207,145.197,145.323,145.469,145.189,1692489600000,4163
2023-08-21,134305,145.7937,145.317,146.244,146.402,145.142,1692576000000,134305
2023-08-22,133357,145.8804,146.246,145.775,146.398,145.49,1692662400000,133357
2023-08-23,144830,145.2273,145.782,144.676,145.813,144.536,1692748800000,144830
2023-08-24,143499,145.463,144.688,146.047,146.08,144.61,1692835200000,143499
2023-08-25,144017,146.1472,146.049,146.43,146.631,145.716,1692921600000,144017
2023-08-27,4862,146.5241,146.266,146.544,146.612,146.229,1693094400000,4862
2023-08-28,188023,146.4956,146.544,146.463,146.742,146.27,1693180800000,188023
2023-08-29,225657,146.3903,146.465,145.982,147.374,145.665,1693267200000,225657
2023-08-30,214095,146.122,145.984,146.086,146.58,145.555,1693353600000,214095
2023-08-31,222886,145.8052,146.09,145.484,146.225,145.347,1693440000000,222886
2023-09-01,196486,145.5742,145.486,146.199,146.3,144.439,1693526400000,196486
2023-09-03,1,146.199,146.199,146.199,146.199,146.199,1693699200000,1
2023-09-04,114263,146.3442,146.077,146.538,146.554,146.068,1693785600000,114263
2023-09-05,197693,147.2166,146.541,147.459,147.802,146.483,1693872000000,197693
2023-09-06,180092,147.5116,147.457,147.709,147.817,147.13,1693958400000,180092
2023-09-07,164131,147.3666,147.711,147.336,147.872,147.04,1694044800000,164131
2023-09-08,182889,147.4173,147.335,147.78,147.89,146.582,1694131200000,182889
2023-09-09,1,147.78,147.78,147.78,147.78,147.78,1694217600000,1
2023-09-10,8714,147.1432,146.621,147.121,147.271,146.618,1694304000000,8714
2023-09-11,222802,146.4828,147.123,146.673,147.144,145.898,1694390400000,222802
2023-09-12,185486,146.9248,146.669,147.16,147.25,146.44,1694476800000,185486
2023-09-13,226578,147.3698,147.156,147.33,147.732,147.092,1694563200000,226578
2023-09-14,207026,147.2558,147.328,147.463,147.565,147.01,1694649600000,207026
2023-09-15,190926,147.6914,147.458,147.77,147.97,147.335,1694736000000,190926
2023-09-17,3723,147.8219,147.546,147.862,147.874,147.54,1694908800000,3723
2023-09-18,171278,147.6702,147.865,147.613,147.872,147.531,1694995200000,171278
2023-09-19,174857,147.7466,147.615,147.757,147.97,147.5,1695081600000,174857
2023-09-20,210975,147.9074,147.762,148.321,148.36,147.46,1695168000000,210975
2023-09-21,204488,147.9435,148.313,147.645,148.461,147.317,1695254400000,204488
2023-09-22,211762,148.156,147.648,148.28,148.45,147.5,1695340800000,211762
2023-09-24,5752,148.3541,148.182,148.429,148.444,148.182,1695513600000,5752
2023-09-25,175881,148.621,148.43,148.823,148.961,148.283,1695600000000,175881
2023-09-26,193800,148.92,148.822,149.053,149.186,148.7,1695686400000,193800
2023-09-27,192544,149.2651,149.057,149.492,149.716,148.856,1695772800000,192544
2023-09-28,208956,149.3304,149.494,149.338,149.556,149.142,1695859200000,208956
2023-09-29,206852,149.2253,149.337,149.37,149.51,148.523,1695945600000,206852
2023-10-01,5533,149.5536,149.519,149.53,149.63,149.418,1696118400000,5533
2023-10-02,172621,149.7554,149.526,149.858,149.88,149.452,1696204800000,172621
2023-10-03,225062,149.5119,149.863,149.175,150.18,147.272,1696291200000,225062
2023-10-04,231579,149.0426,149.177,148.98,149.32,148.72,1696377600000,231579
2023-10-05,226548,148.6707,148.982,148.468,149.116,148.265,1696464000000,226548
2023-10-06,203783,149.0584,148.467,149.22,149.535,148.46,1696550400000,203783
2023-10-08,9723,149.1486,149.022,149.149,149.234,148.97,1696723200000,9723
2023-10-09,195646,148.9203,149.148,148.33,149.225,148.28,1696809600000,195646
2023-10-10,208067,148.7767,148.332,148.622,149.096,148.159,1696896000000,208067
2023-10-11,204421,148.901,148.621,149.033,149.36,148.419,1696982400000,204421
2023-10-12,202691,149.388,149.032,149.783,149.87,148.95,1697068800000,202691
2023-10-13,192888,149.6372,149.786,149.555,149.831,149.449,1697155200000,192888
2023-10-15,6041,149.555,149.427,149.558,149.628,149.276,1697328000000,6041
2023-10-16,172583,149.5334,149.558,149.582,149.761,149.371,1697414400000,172583
2023-10-17,178115,149.6525,149.581,149.759,149.88,148.749,1697500800000,178115
2023-10-18,168399,149.7504,149.754,149.771,149.98,149.47,1697587200000,168399
2023-10-19,174369,149.8064,149.766,149.801,149.97,149.663,1697673600000,174369
2023-10-20,150554,149.8903,149.804,149.85,150.035,149.631,1697760000000,150554
2023-10-22,2548,149.8563,149.858,149.883,149.89,149.807,1697932800000,2548
2023-10-23,141183,149.8452,149.88,149.778,149.99,149.547,1698019200000,141183
2023-10-24,155805,149.7228,149.776,149.857,149.928,149.319,1698105600000,155805
2023-10-25,140768,149.9379,149.853,150.096,150.316,149.788,1698192000000,140768
2023-10-26,176186,150.361,150.094,150.361,150.776,149.852,1698278400000,176186
2023-10-27,148632,149.917,150.368,149.667,150.413,149.457,1698364800000,148632
2023-10-29,3313,149.6763,149.495,149.733,149.765,149.401,1698537600000,3313
2023-10-30,144245,149.4056,149.729,149.098,149.855,148.802,1698624000000,144245
2023-10-31,198566,150.653,149.099,151.321,151.712,149.088,1698710400000,198566
2023-11-01,172574,151.1233,151.315,150.574,151.445,150.55,1698796800000,172574
2023-11-02,167115,150.3563,150.575,150.49,150.592,149.84,1698883200000,167115
2023-11-03,149249,149.8207,150.494,149.365,150.499,149.177,1698969600000,149249
2023-11-05,1888,149.4122,149.187,149.45,149.479,149.166,1699142400000,1888
2023-11-06,146698,149.7021,149.449,149.984,150.105,149.37,1699228800000,146698
2023-11-07,151578,150.3918,149.989,150.397,150.693,149.956,1699315200000,151578
2023-11-08,151899,150.7608,150.397,150.85,151.07,150.344,1699401600000,151899
2023-11-09,158212,151.0554,150.853,151.344,151.388,150.75,1699488000000,158212
2023-11-10,142823,151.428,151.352,151.52,151.61,151.215,1699574400000,142823
2023-11-12,1613,151.4773,151.374,151.459,151.507,151.359,1699747200000,1613
2023-11-13,129523,151.6891,151.461,151.646,151.94,151.19,1699833600000,129523
2023-11-14,150097,151.1304,151.625,150.486,151.8,150.15,1699920000000,150097
2023-11-15,160395,150.7742,150.485,151.206,151.42,150.033,1700006400000,160395
2023-11-16,154165,150.9523,151.214,150.706,151.46,150.283,1700092800000,154165
2023-11-17,167966,149.9012,150.705,149.53,150.775,148.4,1700179200000,167966
2023-11-19,2130,149.7849,149.524,149.957,149.96,149.487,1700352000000,2130
2023-11-20,187918,148.6704,149.954,148.383,149.986,148.099,1700438400000,187918
2023-11-21,201593,147.7844,148.384,148.149,148.595,147.15,1700524800000,201593
2023-11-22,184384,149.0058,148.148,149.46,149.749,148.036,1700611200000,184384
2023-11-23,132621,149.3193,149.447,149.638,149.692,148.886,1700697600000,132621
2023-11-24,143178,149.5073,149.627,149.46,149.712,149.19,1700784000000,143178
2023-11-26,2076,149.5443,149.328,149.574,149.585,149.328,1700956800000,2076
2023-11-27,181333,148.9452,149.572,148.415,149.671,148.358,1701043200000,181333
2023-11-28,202759,148.093,148.416,147.066,148.845,147.01,1701129600000,202759
2023-11-29,225121,147.3126,147.065,147.053,147.915,146.665,1701216000000,225121
2023-11-30,215858,147.6011,147.059,148.0,148.521,146.863,1701302400000,215858
2023-12-01,214885,147.6771,147.994,146.81,148.347,146.658,1701388800000,214885
2023-12-02,1,146.82,146.82,146.82,146.82,146.82,1701475200000,1
2023-12-03,5395,146.4069,146.711,146.36,146.778,146.227,1701561600000,5395
2023-12-04,216735,146.8402,146.356,147.306,147.49,146.22,1701648000000,216735
2023-12-05,211907,147.0713,147.305,147.185,147.387,146.556,1701734400000,211907
2023-12-06,193584,147.2247,147.186,147.184,147.498,146.89,1701820800000,193584
2023-12-07,265547,145.1074,147.183,144.233,147.189,141.616,1701907200000,265547
2023-12-08,252156,144.1757,144.242,144.859,145.217,142.496,1701993600000,252156
2023-12-10,3664,144.9507,144.607,144.984,145.063,144.607,1702166400000,3664
2023-12-11,208716,146.0173,144.983,146.048,146.586,144.866,1702252800000,208716
2023-12-12,208051,145.5143,146.049,145.292,146.126,144.716,1702339200000,208051
2023-12-13,237548,144.9226,145.3,142.791,145.993,142.071,1702425600000,237548
2023-12-14,292509,141.8076,142.784,142.275,142.909,140.955,1702512000000,292509
2023-12-15,240346,141.9262,142.271,142.12,142.467,141.42,1702598400000,240346
2023-12-16,1,142.11,142.11,142.11,142.11,142.11,1702684800000,1
2023-12-17,2688,142.2739,141.946,142.313,142.366,141.85,1702771200000,2688
2023-12-18,200766,142.6238,142.304,142.687,143.158,142.068,1702857600000,200766
2023-12-19,227448,143.8372,142.679,143.916,144.954,142.24,1702944000000,227448
2023-12-20,219664,143.6259,143.924,143.527,144.097,143.259,1703030400000,219664
2023-12-21,218210,142.6911,143.526,142.072,143.563,142.008,1703116800000,218210
2023-12-22,197953,142.2834,142.07,142.39,142.664,141.862,1703203200000,197953
2023-12-24,4,142.336,142.351,142.342,142.351,142.301,1703376000000,4
2023-12-25,14782,142.278,142.379,142.244,142.515,142.113,1703462400000,14782
2023-12-26,128239,142.3678,142.24,142.485,142.633,142.087,1703548800000,128239
2023-12-27,180240,142.3849,142.488,141.442,142.846,141.378,1703635200000,180240
2023-12-28,200565,141.093,141.441,141.44,141.657,140.248,1703721600000,200565
2023-12-29,181393,141.3598,141.441,141.026,141.913,140.79,1703808000000,181393
2023-12-31,1,140.952,140.952,140.952,140.952,140.952,1703980800000,1
2024-01-01,18904,140.8963,141.02,141.114,141.4,140.607,1704067200000,18904
2024-01-02,208343,141.7136,141.12,142.176,142.213,141.095,1704153600000,208343
2024-01-03,215640,142.8252,142.171,142.999,143.727,141.856,1704240000000,215640
2024-01-04,209903,144.0173,142.994,144.774,144.85,142.84,1704326400000,209903
2024-01-05,218694,144.8692,144.774,144.616,145.978,143.8,1704412800000,218694
2024-01-07,2117,144.791,144.56,144.716,144.913,144.483,1704585600000,2117
2024-01-08,210325,144.2905,144.716,144.217,144.793,143.66,1704672000000,210325
2024-01-09,217417,144.0387,144.225,144.429,144.622,143.418,1704758400000,217417
2024-01-10,197964,145.1836,144.428,145.728,145.85,144.41,1704844800000,197964
2024-01-11,179555,145.5672,145.723,145.102,146.408,144.936,1704931200000,179555
2024-01-12,210028,144.9895,145.099,144.81,145.568,144.351,1705017600000,210028
2024-01-14,1944,145.0454,144.814,145.148,145.168,144.814,1705190400000,1944
2024-01-15,154344,145.5159,145.145,145.788,145.95,144.929,1705276800000,154344
2024-01-16,226971,146.5488,145.794,147.247,147.309,145.57,1705363200000,226971
2024-01-17,225859,147.8578,147.235,148.137,148.524,147.097,1705449600000,225859
2024-01-18,219245,148.0111,148.134,148.119,148.302,147.653,1705536000000,219245
2024-01-19,202914,148.2176,148.119,148.09,148.81,147.835,1705622400000,202914
2024-01-21,2458,148.1417,148.257,148.121,148.257,148.075,1705795200000,2458
2024-01-22,200010,147.9609,148.123,148.143,148.304,147.616,1705881600000,200010
2024-01-23,210993,148.0492,148.15,148.245,148.7,146.979,1705968000000,210993
2024-01-24,219349,147.5164,148.236,147.583,148.262,146.648,1706054400000,219349
2024-01-25,207030,147.6227,147.591,147.722,147.94,147.08,1706140800000,207030
2024-01-26,187261,147.8206,147.721,148.156,148.208,147.4,1706227200000,187261
2024-01-28,2593,148.0939,148.096,148.177,148.183,148.014,1706400000000,2593
2024-01-29,179974,147.8341,148.173,147.487,148.332,147.25,1706486400000,179974
2024-01-30,190622,147.4743,147.486,147.335,147.927,147.095,1706572800000,190622
2024-01-31,249696,147.1651,147.333,147.005,147.896,145.985,1706659200000,249696
2024-02-01,79677,146.3307,147.005,146.457,147.081,145.894,1706745600000,79677
2024-02-02,206102,147.2943,146.456,148.371,148.584,146.24,1706832000000,206102
2024-02-04,3174,148.5342,148.36,148.505,148.668,148.314,1707004800000,3174
2024-02-05,200419,148.5351,148.501,148.66,148.894,148.26,1707091200000,200419
2024-02-06,206353,148.3651,148.663,147.816,148.83,147.739,1707177600000,206353
2024-02-07,206325,148.0051,147.815,148.088,148.26,147.627,1707264000000,206325
2024-02-08,213652,148.9494,148.089,149.264,149.49,147.93,1707350400000,213652
2024-02-09,187576,149.3597,149.262,149.274,149.59,149.003,1707436800000,187576
2024-02-11,2848,149.1727,149.202,149.175,149.279,149.074,1707609600000,2848
2024-02-12,177767,149.2055,149.176,149.407,149.48,148.923,1707696000000,177767
2024-02-13,202445,150.0364,149.4,150.72,150.885,149.208,1707782400000,202445
2024-02-14,202259,150.5563,150.724,150.559,150.777,150.342,1707868800000,202259
2024-02-15,205017,150.069,150.554,149.958,150.556,149.508,1707955200000,205017
2024-02-16,192156,150.2651,149.959,150.196,150.644,149.922,1708041600000,192156
2024-02-18,2172,150.0858,150.105,150.139,150.139,150.032,1708214400000,2172
2024-02-19,131237,150.0094,150.138,150.27,150.302,149.862,1708300800000,131237
2024-02-20,184986,150.1166,150.269,149.965,150.437,149.681,1708387200000,184986
2024-02-21,193905,150.1119,149.963,150.344,150.389,149.849,1708473600000,193905
2024-02-22,209628,150.3891,150.342,150.47,150.689,150.012,1708560000000,209628
2024-02-23,175534,150.508,150.472,150.51,150.78,150.294,1708646400000,175534
2024-02-25,2738,150.4968,150.414,150.497,150.561,150.32,1708819200000,2738
2024-02-26,186125,150.6043,150.49,150.57,150.838,150.288,1708905600000,186125
2024-02-27,175466,150.3918,150.572,150.514,150.606,150.072,1708992000000,175466
2024-02-28,190382,150.6533,150.515,150.66,150.843,150.37,1709078400000,190382
2024-02-29,224516,149.8872,150.654,150.066,150.654,149.205,1709164800000,224516
2024-03-01,200854,150.3529,150.07,150.12,150.72,150.047,1709251200000,200854
2024-03-03,2012,150.0992,149.948,150.127,150.15,149.948,1709424000000,2012
2024-03-04,168046,150.3705,150.114,150.45,150.569,149.833,1709510400000,168046
2024-03-05,182622,150.2361,150.453,150.051,150.545,149.7,1709596800000,182622
2024-03-06,194933,149.5753,150.049,149.261,150.084,149.09,1709683200000,194933
2024-03-07,223817,148.1892,149.259,147.864,149.265,147.577,1709769600000,223817
2024-03-08,214302,147.3618,147.857,147.05,148.115,146.479,1709856000000,214302
2024-03-10,4376,146.8934,146.993,146.794,147.126,146.704,1710028800000,4376
2024-03-11,180653,146.8522,146.795,146.732,147.146,146.483,1710115200000,180653
2024-03-12,191868,147.4904,146.731,147.62,148.171,146.61,1710201600000,191868
2024-03-13,179336,147.6973,147.619,147.589,148.043,147.228,1710288000000,179336
2024-03-14,184782,147.9633,147.587,148.301,148.354,147.423,1710374400000,184782
2024-03-15,172834,148.7003,148.3,149.041,149.163,148.025,1710460800000,172834
2024-03-17,3895,148.9915,149.049,148.954,149.086,148.932,1710633600000,3895
2024-03-18,151862,149.1403,148.951,149.154,149.327,148.905,1710720000000,151862
2024-03-19,185228,150.3256,149.144,151.021,151.068,148.99,1710806400000,185228
2024-03-20,193598,151.4005,151.018,150.736,151.85,150.67,1710892800000,193598
2024-03-21,196476,151.1257,150.739,151.634,151.78,150.258,1710979200000,196476
2024-03-22,172373,151.4257,151.63,151.413,151.861,151.003,1711065600000,172373
2024-03-24,3691,151.2404,151.383,151.31,151.432,151.08,1711238400000,3691
2024-03-25,146314,151.3101,151.308,151.378,151.541,151.048,1711324800000,146314
2024-03-26,147518,151.3926,151.377,151.522,151.6,151.204,1711411200000,147518
2024-03-27,170318,151.44,151.523,151.292,151.969,151.02,1711497600000,170318
2024-03-28,150938,151.346,151.293,151.439,151.543,151.14,1711584000000,150938
2024-03-29,67480,151.3107,151.436,151.34,151.493,151.166,1711670400000,67480
2024-03-31,3916,151.3356,151.291,151.4,151.426,151.216,1711843200000,3916
2024-04-01,125419,151.4913,151.396,151.588,151.77,151.247,1711929600000,125419
2024-04-02,136491,151.6388,151.595,151.543,151.798,151.458,1712016000000,136491
2024-04-03,140150,151.6895,151.542,151.58,151.954,151.43,1712102400000,140150
2024-04-04,148923,151.5645,151.577,151.295,151.769,151.116,1712188800000,148923
2024-04-05,156355,151.3853,151.296,151.6,151.749,150.808,1712275200000,156355
2024-04-07,3547,151.6677,151.595,151.677,151.72,151.594,1712448000000,3547
2024-04-08,131149,151.8082,151.677,151.831,151.942,151.63,1712534400000,131149
2024-04-09,128345,151.7881,151.835,151.777,151.933,151.567,1712620800000,128345
2024-04-10,150292,152.415,151.777,152.949,153.232,151.679,1712707200000,150292
2024-04-11,173668,153.08,152.953,153.191,153.32,152.757,1712793600000,173668
2024-04-12,166430,153.1259,153.192,153.27,153.385,152.587,1712880000000,166430
2024-04-14,4318,153.2406,153.188,153.302,153.32,153.108,1713052800000,4318
2024-04-15,180586,154.0056,153.301,154.227,154.443,153.275,1713139200000,180586
2024-04-16,178620,154.5272,154.217,154.699,154.781,153.896,1713225600000,178620
2024-04-17,159383,154.5255,154.698,154.338,154.76,154.15,1713312000000,159383
2024-04-18,157573,154.4133,154.338,154.608,154.71,153.941,1713398400000,157573
2024-04-19,185827,154.4085,154.61,154.62,154.671,153.585,1713484800000,185827
2024-04-21,2928,154.5902,154.58,154.632,154.684,154.488,1713657600000,2928
2024-04-22,127825,154.7246,154.629,154.814,154.846,154.579,1713744000000,127825
2024-04-23,138898,154.7687,154.813,154.746,154.874,154.55,1713830400000,138898
2024-04-24,115741,154.9888,154.748,155.268,155.368,154.738,1713916800000,115741
2024-04-25,149561,155.5623,155.269,155.619,155.742,155.242,1714003200000,149561
2024-04-26,157641,156.7103,155.622,158.05,158.436,154.964,1714089600000,157641
2024-04-28,3174,158.2463,157.795,158.193,158.335,157.795,1714262400000,3174
2024-04-29,183415,156.6337,158.195,156.329,160.185,154.515,1714348800000,183415
2024-04-30,143755,157.115,156.317,157.741,157.85,156.158,1714435200000,143755
2024-05-01,111699,157.3924,157.74,155.263,157.984,152.995,1714521600000,111699
2024-05-02,154775,154.5955,156.104,153.137,156.141,152.87,1714608000000,154775
2024-05-03,148171,152.9023,153.126,153.053,153.446,151.856,1714694400000,148171
2024-05-05,2811,153.3487,153.04,153.651,153.696,152.78,1714867200000,2811
2024-05-06,115757,153.773,153.656,153.875,153.996,153.315,1714953600000,115757
2024-05-07,127358,154.4527,154.134,154.773,154.841,153.87,1715040000000,127358
2024-05-08,122385,155.3663,154.773,155.377,155.681,154.687,1715126400000,122385
2024-05-09,119286,155.6287,155.371,155.393,155.95,155.15,1715212800000,119286
2024-05-10,106875,155.7176,155.393,155.772,155.91,155.35,1715299200000,106875
2024-05-12,2364,155.7654,155.632,155.828,155.85,155.632,1715472000000,2364
2024-05-13,101865,155.9421,155.829,156.227,156.3,155.5,1715558400000,101865
2024-05-14,99981,156.4363,156.226,156.517,156.77,156.222,1715644800000,99981
2024-05-15,144646,155.5054,156.515,154.297,156.557,154.147,1715731200000,144646
2024-05-16,149125,154.6887,154.296,155.396,155.534,153.59,1715817600000,149125
2024-05-17,106782,155.7061,155.399,155.67,155.977,155.246,1715904000000,106782
2024-05-19,3016,155.7232,155.524,155.762,155.818,155.498,1716076800000,3016
2024-05-20,103360,155.9292,155.762,156.4,156.401,155.49,1716163200000,103360
2024-05-21,119640,156.2401,156.398,156.266,156.544,155.839,1716249600000,119640
2024-05-22,113576,156.4684,156.267,156.732,156.842,156.14,1716336000000,113576
2024-05-23,121382,156.8289,156.732,156.99,157.193,156.518,1716422400000,121382
2024-05-24,94975,157.0108,156.989,156.994,157.145,156.81,1716508800000,94975
2024-05-26,2771,156.8787,156.967,156.86,156.967,156.775,1716681600000,2771
2024-05-27,70695,156.8293,156.867,156.835,156.957,156.66,1716768000000,70695
2024-05-28,105349,156.8825,156.834,157.273,157.286,156.579,1716854400000,105349
2024-05-29,112310,157.3499,157.272,157.627,157.78,156.893,1716940800000,112310
2024-05-30,131611,156.9094,157.619,156.985,157.624,156.371,1717027200000,131611
2024-05-31,131611,156.998,156.987,157.267,157.362,156.556,1717113600000,131611
2024-06-02,3075,157.2365,157.135,157.18,157.327,157.123,1717286400000,3075
2024-06-03,135472,156.6978,157.179,156.088,157.47,155.94,1717372800000,135472
2024-06-04,160934,155.303,156.089,155.113,156.484,154.539,1717459200000,160934
2024-06-05,146169,155.9304,155.115,155.913,156.48,155.093,1717545600000,146169
2024-06-06,143142,155.9203,155.911,155.675,156.442,155.352,1717632000000,143142
2024-06-07,141486,156.0976,155.676,156.644,157.072,155.117,1717718400000,141486
2024-06-09,3913,156.8518,156.8,156.824,156.938,156.691,1717891200000,3913
2024-06-10,127208,156.9633,156.821,157.04,157.191,156.718,1717977600000,127208
2024-06-11,123356,157.1778,157.041,157.113,157.46,156.801,1718064000000,123356
2024-06-12,147531,156.6119,157.105,156.797,157.44,155.712,1718150400000,147531
2024-06-13,137312,157.0174,156.798,157.12,157.309,156.575,1718236800000,137312
2024-06-14,161880,157.4189,157.119,157.31,158.27,156.728,1718323200000,161880
2024-06-16,3889,157.5269,157.33,157.552,157.657,157.316,1718496000000,3889
2024-06-17,111087,157.6327,157.557,157.697,157.96,157.154,1718582400000,111087
2024-06-18,118208,157.8545,157.696,157.858,158.23,157.51,1718668800000,118208
2024-06-19,71999,157.8569,157.868,157.955,158.124,157.599,1718755200000,71999
2024-06-20,87794,158.4639,157.956,158.937,158.99,157.951,1718841600000,87794
2024-06-21,80663,159.1205,158.937,159.746,159.85,158.661,1718928000000,80663
2024-06-23,3771,159.7837,159.668,159.896,159.903,159.65,1719100800000,3771
2024-06-24,115859,159.6168,159.897,159.699,159.925,158.739,1719187200000,115859
2024-06-25,107714,159.5347,159.696,159.703,159.77,159.183,1719273600000,107714
2024-06-26,120737,160.2713,159.689,160.628,160.87,159.662,1719360000000,120737
2024-06-27,113840,160.5409,160.627,160.696,160.821,160.27,1719446400000,113840
2024-06-28,131798,160.7852,160.702,160.874,161.281,160.257,1719532800000,131798
2024-06-30,3712,160.839,160.694,160.92,160.94,160.694,1719705600000,3712
2024-07-01,109026,161.1999,160.919,161.506,161.75,160.735,1719792000000,109026
2024-07-02,105008,161.5588,161.512,161.495,161.741,161.266,1719878400000,105008
2024-07-03,100342,161.5923,161.486,161.586,162.0,160.764,1719964800000,100342
2024-07-04,89967,161.2646,161.585,161.358,161.598,160.94,1720051200000,89967
2024-07-05,127932,160.852,161.367,160.72,161.391,160.321,1720137600000,127932
2024-07-07,3820,160.6936,160.727,160.636,160.807,160.571,1720310400000,3820
2024-07-08,114113,160.7171,160.638,160.857,161.12,160.255,1720396800000,114113
2024-07-09,106138,161.1195,160.856,161.326,161.513,160.738,1720483200000,106138
